{
  "project_info": {
    "project_number": "435816817155",
    "firebase_url": "https://myfirebaseauthapp-cb90a.firebaseio.com",
    "project_id": "myfirebaseauthapp-cb90a",
    "storage_bucket": "myfirebaseauthapp-cb90a.appspot.com"
  },
  "client": [
    {
      "client_info": {
        "mobilesdk_app_id": "1:435816817155:android:ce304af049d780f8",
        "android_client_info": {
          "package_name": "com.example.pc64.firebase"
        }
      },
      "oauth_client": [
        {
          "client_id": "435816817155-k85p6b747b24lmq0j3g2l17k5bkqo7e7.apps.googleusercontent.com",
          "client_type": 3
        },
        {
          "client_id": "435816817155-k85p6b747b24lmq0j3g2l17k5bkqo7e7.apps.googleusercontent.com",
          "client_type": 3
        }
      ],
      "api_key": [
        {
          "current_key": "AIzaSyDpaAoibAikR64-teLALF5Zwei2gVErI0g"
        }
      ],
      "services": {
        "analytics_service": {
          "status": 1
        },
        "appinvite_service": {
          "status": 1,
          "other_platform_oauth_client": []
        },
        "ads_service": {
          "status": 2
        }
      }
    }
  ],
  "configuration_version": "1"
}